filepath,label
C:\FYP\PROJECT\product\audio_preprocessing\outputs\spectrograms_emodb\03a01Fa_orig.png,happiness
C:\FYP\PROJECT\product\audio_preprocessing\outputs\spectrograms_emodb\03a01Nc_orig.png,neutral
C:\FYP\PROJECT\product\audio_preprocessing\outputs\spectrograms_emodb\03a01Wa_orig.png,anger
C:\FYP\PROJECT\product\audio_preprocessing\outputs\spectrograms_emodb\03a02Fc_orig.png,happiness
C:\FYP\PROJECT\product\audio_preprocessing\outputs\spectrograms_emodb\03a02Nc_orig.png,neutral
C:\FYP\PROJECT\product\audio_preprocessing\outputs\spectrograms_emodb\03a02Ta_orig.png,sadness
C:\FYP\PROJECT\product\audio_preprocessing\outputs\spectrograms_emodb\03a04Fd_orig.png,happiness
C:\FYP\PROJECT\product\audio_preprocessing\outputs\spectrograms_emodb\03a04Nc_orig.png,neutral
C:\FYP\PROJECT\product\audio_preprocessing\outputs\spectrograms_emodb\03a04Ta_orig.png,sadness
C:\FYP\PROJECT\product\audio_preprocessing\outputs\spectrograms_emodb\03a04Wc_orig.png,anger
C:\FYP\PROJECT\product\audio_preprocessing\outputs\spectrograms_emodb\03a05Aa_orig.png,fear
C:\FYP\PROJECT\product\audio_preprocessing\outputs\spectrograms_emodb\03a05Nd_orig.png,neutral
C:\FYP\PROJECT\product\audio_preprocessing\outputs\spectrograms_emodb\03a05Tc_orig.png,sadness
C:\FYP\PROJECT\product\audio_preprocessing\outputs\spectrograms_emodb\03a05Wa_orig.png,anger
C:\FYP\PROJECT\product\audio_preprocessing\outputs\spectrograms_emodb\03a05Wb_orig.png,anger
C:\FYP\PROJECT\product\audio_preprocessing\outputs\spectrograms_emodb\03a07Fa_orig.png,happiness
C:\FYP\PROJECT\product\audio_preprocessing\outputs\spectrograms_emodb\03a07Fb_orig.png,happiness
C:\FYP\PROJECT\product\audio_preprocessing\outputs\spectrograms_emodb\03a07La_orig.png,boredom
C:\FYP\PROJECT\product\audio_preprocessing\outputs\spectrograms_emodb\03a07Nc_orig.png,neutral
C:\FYP\PROJECT\product\audio_preprocessing\outputs\spectrograms_emodb\03a07Wc_orig.png,anger
C:\FYP\PROJECT\product\audio_preprocessing\outputs\spectrograms_emodb\03b01Fa_orig.png,happiness
C:\FYP\PROJECT\product\audio_preprocessing\outputs\spectrograms_emodb\03b01Nb_orig.png,neutral
C:\FYP\PROJECT\product\audio_preprocessing\outputs\spectrograms_emodb\03b01Td_orig.png,sadness
C:\FYP\PROJECT\product\audio_preprocessing\outputs\spectrograms_emodb\03b01Wa_orig.png,anger
C:\FYP\PROJECT\product\audio_preprocessing\outputs\spectrograms_emodb\03b01Wc_orig.png,anger
C:\FYP\PROJECT\product\audio_preprocessing\outputs\spectrograms_emodb\03b02Aa_orig.png,fear
C:\FYP\PROJECT\product\audio_preprocessing\outputs\spectrograms_emodb\03b02La_orig.png,boredom
C:\FYP\PROJECT\product\audio_preprocessing\outputs\spectrograms_emodb\03b02Na_orig.png,neutral
C:\FYP\PROJECT\product\audio_preprocessing\outputs\spectrograms_emodb\03b02Wb_orig.png,anger
C:\FYP\PROJECT\product\audio_preprocessing\outputs\spectrograms_emodb\03b03Nb_orig.png,neutral
C:\FYP\PROJECT\product\audio_preprocessing\outputs\spectrograms_emodb\03b03Tc_orig.png,sadness
C:\FYP\PROJECT\product\audio_preprocessing\outputs\spectrograms_emodb\03b03Wc_orig.png,anger
C:\FYP\PROJECT\product\audio_preprocessing\outputs\spectrograms_emodb\03b09Nc_orig.png,neutral
C:\FYP\PROJECT\product\audio_preprocessing\outputs\spectrograms_emodb\03b09Tc_orig.png,sadness
C:\FYP\PROJECT\product\audio_preprocessing\outputs\spectrograms_emodb\03b09Wa_orig.png,anger
C:\FYP\PROJECT\product\audio_preprocessing\outputs\spectrograms_emodb\03b10Ab_orig.png,fear
C:\FYP\PROJECT\product\audio_preprocessing\outputs\spectrograms_emodb\03b10Na_orig.png,neutral
C:\FYP\PROJECT\product\audio_preprocessing\outputs\spectrograms_emodb\03b10Nc_orig.png,neutral
C:\FYP\PROJECT\product\audio_preprocessing\outputs\spectrograms_emodb\03b10Wb_orig.png,anger
C:\FYP\PROJECT\product\audio_preprocessing\outputs\spectrograms_emodb\03b10Wc_orig.png,anger
C:\FYP\PROJECT\product\audio_preprocessing\outputs\spectrograms_emodb\08a01Ab_orig.png,fear
C:\FYP\PROJECT\product\audio_preprocessing\outputs\spectrograms_emodb\08a01Fd_orig.png,happiness
C:\FYP\PROJECT\product\audio_preprocessing\outputs\spectrograms_emodb\08a01Lc_orig.png,boredom
C:\FYP\PROJECT\product\audio_preprocessing\outputs\spectrograms_emodb\08a01Na_orig.png,neutral
C:\FYP\PROJECT\product\audio_preprocessing\outputs\spectrograms_emodb\08a01Wa_orig.png,anger
C:\FYP\PROJECT\product\audio_preprocessing\outputs\spectrograms_emodb\08a01Wc_orig.png,anger
C:\FYP\PROJECT\product\audio_preprocessing\outputs\spectrograms_emodb\08a02Ab_orig.png,fear
C:\FYP\PROJECT\product\audio_preprocessing\outputs\spectrograms_emodb\08a02Fe_orig.png,happiness
C:\FYP\PROJECT\product\audio_preprocessing\outputs\spectrograms_emodb\08a02La_orig.png,boredom
C:\FYP\PROJECT\product\audio_preprocessing\outputs\spectrograms_emodb\08a02Na_orig.png,neutral
C:\FYP\PROJECT\product\audio_preprocessing\outputs\spectrograms_emodb\08a02Tb_orig.png,sadness
C:\FYP\PROJECT\product\audio_preprocessing\outputs\spectrograms_emodb\08a02Wc_orig.png,anger
C:\FYP\PROJECT\product\audio_preprocessing\outputs\spectrograms_emodb\08a04Ff_orig.png,happiness
C:\FYP\PROJECT\product\audio_preprocessing\outputs\spectrograms_emodb\08a04La_orig.png,boredom
C:\FYP\PROJECT\product\audio_preprocessing\outputs\spectrograms_emodb\08a04Tb_orig.png,sadness
C:\FYP\PROJECT\product\audio_preprocessing\outputs\spectrograms_emodb\08a04Wc_orig.png,anger
C:\FYP\PROJECT\product\audio_preprocessing\outputs\spectrograms_emodb\08a05Fe_orig.png,happiness
C:\FYP\PROJECT\product\audio_preprocessing\outputs\spectrograms_emodb\08a05Ta_orig.png,sadness
C:\FYP\PROJECT\product\audio_preprocessing\outputs\spectrograms_emodb\08a05Wa_orig.png,anger
C:\FYP\PROJECT\product\audio_preprocessing\outputs\spectrograms_emodb\08a07Fd_orig.png,happiness
C:\FYP\PROJECT\product\audio_preprocessing\outputs\spectrograms_emodb\08a07La_orig.png,boredom
C:\FYP\PROJECT\product\audio_preprocessing\outputs\spectrograms_emodb\08a07Na_orig.png,neutral
C:\FYP\PROJECT\product\audio_preprocessing\outputs\spectrograms_emodb\08a07Ta_orig.png,sadness
C:\FYP\PROJECT\product\audio_preprocessing\outputs\spectrograms_emodb\08a07Wc_orig.png,anger
C:\FYP\PROJECT\product\audio_preprocessing\outputs\spectrograms_emodb\08b01Aa_orig.png,fear
C:\FYP\PROJECT\product\audio_preprocessing\outputs\spectrograms_emodb\08b01Fd_orig.png,happiness
C:\FYP\PROJECT\product\audio_preprocessing\outputs\spectrograms_emodb\08b01Fe_orig.png,happiness
C:\FYP\PROJECT\product\audio_preprocessing\outputs\spectrograms_emodb\08b01Lb_orig.png,boredom
C:\FYP\PROJECT\product\audio_preprocessing\outputs\spectrograms_emodb\08b01Na_orig.png,neutral
C:\FYP\PROJECT\product\audio_preprocessing\outputs\spectrograms_emodb\08b02Ff_orig.png,happiness
C:\FYP\PROJECT\product\audio_preprocessing\outputs\spectrograms_emodb\08b02La_orig.png,boredom
C:\FYP\PROJECT\product\audio_preprocessing\outputs\spectrograms_emodb\08b02Nb_orig.png,neutral
C:\FYP\PROJECT\product\audio_preprocessing\outputs\spectrograms_emodb\08b02Tc_orig.png,sadness
C:\FYP\PROJECT\product\audio_preprocessing\outputs\spectrograms_emodb\08b03Fe_orig.png,happiness
C:\FYP\PROJECT\product\audio_preprocessing\outputs\spectrograms_emodb\08b03Lc_orig.png,boredom
C:\FYP\PROJECT\product\audio_preprocessing\outputs\spectrograms_emodb\08b03Nb_orig.png,neutral
C:\FYP\PROJECT\product\audio_preprocessing\outputs\spectrograms_emodb\08b03Tc_orig.png,sadness
C:\FYP\PROJECT\product\audio_preprocessing\outputs\spectrograms_emodb\08b03Wd_orig.png,anger
C:\FYP\PROJECT\product\audio_preprocessing\outputs\spectrograms_emodb\08b09Ab_orig.png,fear
C:\FYP\PROJECT\product\audio_preprocessing\outputs\spectrograms_emodb\08b09Nb_orig.png,neutral
C:\FYP\PROJECT\product\audio_preprocessing\outputs\spectrograms_emodb\08b09Tb_orig.png,sadness
C:\FYP\PROJECT\product\audio_preprocessing\outputs\spectrograms_emodb\08b09Wc_orig.png,anger
C:\FYP\PROJECT\product\audio_preprocessing\outputs\spectrograms_emodb\08b10Aa_orig.png,fear
C:\FYP\PROJECT\product\audio_preprocessing\outputs\spectrograms_emodb\08b10Fd_orig.png,happiness
C:\FYP\PROJECT\product\audio_preprocessing\outputs\spectrograms_emodb\08b10Nc_orig.png,neutral
C:\FYP\PROJECT\product\audio_preprocessing\outputs\spectrograms_emodb\08b10Wa_orig.png,anger
C:\FYP\PROJECT\product\audio_preprocessing\outputs\spectrograms_emodb\09a01Wb_orig.png,anger
C:\FYP\PROJECT\product\audio_preprocessing\outputs\spectrograms_emodb\09a02Ea_orig.png,disgust
C:\FYP\PROJECT\product\audio_preprocessing\outputs\spectrograms_emodb\09a02Eb_orig.png,disgust
C:\FYP\PROJECT\product\audio_preprocessing\outputs\spectrograms_emodb\09a02La_orig.png,boredom
C:\FYP\PROJECT\product\audio_preprocessing\outputs\spectrograms_emodb\09a02Wb_orig.png,anger
C:\FYP\PROJECT\product\audio_preprocessing\outputs\spectrograms_emodb\09a04Fd_orig.png,happiness
C:\FYP\PROJECT\product\audio_preprocessing\outputs\spectrograms_emodb\09a04La_orig.png,boredom
C:\FYP\PROJECT\product\audio_preprocessing\outputs\spectrograms_emodb\09a04Nb_orig.png,neutral
C:\FYP\PROJECT\product\audio_preprocessing\outputs\spectrograms_emodb\09a04Wa_orig.png,anger
C:\FYP\PROJECT\product\audio_preprocessing\outputs\spectrograms_emodb\09a05Ed_orig.png,disgust
C:\FYP\PROJECT\product\audio_preprocessing\outputs\spectrograms_emodb\09a05Lc_orig.png,boredom
C:\FYP\PROJECT\product\audio_preprocessing\outputs\spectrograms_emodb\09a05Nb_orig.png,neutral
C:\FYP\PROJECT\product\audio_preprocessing\outputs\spectrograms_emodb\09a05Tb_orig.png,sadness
C:\FYP\PROJECT\product\audio_preprocessing\outputs\spectrograms_emodb\09a05Wc_orig.png,anger
C:\FYP\PROJECT\product\audio_preprocessing\outputs\spectrograms_emodb\09a07Eb_orig.png,disgust
C:\FYP\PROJECT\product\audio_preprocessing\outputs\spectrograms_emodb\09a07Ta_orig.png,sadness
C:\FYP\PROJECT\product\audio_preprocessing\outputs\spectrograms_emodb\09a07Wb_orig.png,anger
C:\FYP\PROJECT\product\audio_preprocessing\outputs\spectrograms_emodb\09a07Wd_orig.png,anger
C:\FYP\PROJECT\product\audio_preprocessing\outputs\spectrograms_emodb\09b01Ea_orig.png,disgust
C:\FYP\PROJECT\product\audio_preprocessing\outputs\spectrograms_emodb\09b01Na_orig.png,neutral
C:\FYP\PROJECT\product\audio_preprocessing\outputs\spectrograms_emodb\09b01Wb_orig.png,anger
C:\FYP\PROJECT\product\audio_preprocessing\outputs\spectrograms_emodb\09b02Na_orig.png,neutral
C:\FYP\PROJECT\product\audio_preprocessing\outputs\spectrograms_emodb\09b02Tb_orig.png,sadness
C:\FYP\PROJECT\product\audio_preprocessing\outputs\spectrograms_emodb\09b02Wc_orig.png,anger
C:\FYP\PROJECT\product\audio_preprocessing\outputs\spectrograms_emodb\09b02Wd_orig.png,anger
C:\FYP\PROJECT\product\audio_preprocessing\outputs\spectrograms_emodb\09b03Ed_orig.png,disgust
C:\FYP\PROJECT\product\audio_preprocessing\outputs\spectrograms_emodb\09b03Fd_orig.png,happiness
C:\FYP\PROJECT\product\audio_preprocessing\outputs\spectrograms_emodb\09b03Lb_orig.png,boredom
C:\FYP\PROJECT\product\audio_preprocessing\outputs\spectrograms_emodb\09b03Nb_orig.png,neutral
C:\FYP\PROJECT\product\audio_preprocessing\outputs\spectrograms_emodb\09b03Ta_orig.png,sadness
C:\FYP\PROJECT\product\audio_preprocessing\outputs\spectrograms_emodb\09b03Wb_orig.png,anger
C:\FYP\PROJECT\product\audio_preprocessing\outputs\spectrograms_emodb\09b09Ea_orig.png,disgust
C:\FYP\PROJECT\product\audio_preprocessing\outputs\spectrograms_emodb\09b09Nd_orig.png,neutral
C:\FYP\PROJECT\product\audio_preprocessing\outputs\spectrograms_emodb\09b10Nd_orig.png,neutral
C:\FYP\PROJECT\product\audio_preprocessing\outputs\spectrograms_emodb\09b10Wa_orig.png,anger
C:\FYP\PROJECT\product\audio_preprocessing\outputs\spectrograms_emodb\10a01Ac_orig.png,fear
C:\FYP\PROJECT\product\audio_preprocessing\outputs\spectrograms_emodb\10a01Nb_orig.png,neutral
C:\FYP\PROJECT\product\audio_preprocessing\outputs\spectrograms_emodb\10a01Wa_orig.png,anger
C:\FYP\PROJECT\product\audio_preprocessing\outputs\spectrograms_emodb\10a02Ab_orig.png,fear
C:\FYP\PROJECT\product\audio_preprocessing\outputs\spectrograms_emodb\10a02Fa_orig.png,happiness
C:\FYP\PROJECT\product\audio_preprocessing\outputs\spectrograms_emodb\10a02Lb_orig.png,boredom
C:\FYP\PROJECT\product\audio_preprocessing\outputs\spectrograms_emodb\10a02Wa_orig.png,anger
C:\FYP\PROJECT\product\audio_preprocessing\outputs\spectrograms_emodb\10a04Fd_orig.png,happiness
C:\FYP\PROJECT\product\audio_preprocessing\outputs\spectrograms_emodb\10a04Nb_orig.png,neutral
C:\FYP\PROJECT\product\audio_preprocessing\outputs\spectrograms_emodb\10a04Wa_orig.png,anger
C:\FYP\PROJECT\product\audio_preprocessing\outputs\spectrograms_emodb\10a04Wb_orig.png,anger
C:\FYP\PROJECT\product\audio_preprocessing\outputs\spectrograms_emodb\10a05Aa_orig.png,fear
C:\FYP\PROJECT\product\audio_preprocessing\outputs\spectrograms_emodb\10a05Ld_orig.png,boredom
C:\FYP\PROJECT\product\audio_preprocessing\outputs\spectrograms_emodb\10a05Wb_orig.png,anger
C:\FYP\PROJECT\product\audio_preprocessing\outputs\spectrograms_emodb\10a07Aa_orig.png,fear
C:\FYP\PROJECT\product\audio_preprocessing\outputs\spectrograms_emodb\10a07La_orig.png,boredom
C:\FYP\PROJECT\product\audio_preprocessing\outputs\spectrograms_emodb\10a07Ta_orig.png,sadness
C:\FYP\PROJECT\product\audio_preprocessing\outputs\spectrograms_emodb\10a07Wb_orig.png,anger
C:\FYP\PROJECT\product\audio_preprocessing\outputs\spectrograms_emodb\10b01Aa_orig.png,fear
C:\FYP\PROJECT\product\audio_preprocessing\outputs\spectrograms_emodb\10b01Ea_orig.png,disgust
C:\FYP\PROJECT\product\audio_preprocessing\outputs\spectrograms_emodb\10b01Fa_orig.png,happiness
C:\FYP\PROJECT\product\audio_preprocessing\outputs\spectrograms_emodb\10b01Lb_orig.png,boredom
C:\FYP\PROJECT\product\audio_preprocessing\outputs\spectrograms_emodb\10b02Aa_orig.png,fear
C:\FYP\PROJECT\product\audio_preprocessing\outputs\spectrograms_emodb\10b02La_orig.png,boredom
C:\FYP\PROJECT\product\audio_preprocessing\outputs\spectrograms_emodb\10b02Na_orig.png,neutral
C:\FYP\PROJECT\product\audio_preprocessing\outputs\spectrograms_emodb\10b02Wb_orig.png,anger
C:\FYP\PROJECT\product\audio_preprocessing\outputs\spectrograms_emodb\10b03La_orig.png,boredom
C:\FYP\PROJECT\product\audio_preprocessing\outputs\spectrograms_emodb\10b03Tb_orig.png,sadness
C:\FYP\PROJECT\product\audio_preprocessing\outputs\spectrograms_emodb\10b03Wb_orig.png,anger
C:\FYP\PROJECT\product\audio_preprocessing\outputs\spectrograms_emodb\10b09Ad_orig.png,fear
C:\FYP\PROJECT\product\audio_preprocessing\outputs\spectrograms_emodb\10b09Lb_orig.png,boredom
C:\FYP\PROJECT\product\audio_preprocessing\outputs\spectrograms_emodb\10b09Wb_orig.png,anger
C:\FYP\PROJECT\product\audio_preprocessing\outputs\spectrograms_emodb\10b10Fc_orig.png,happiness
C:\FYP\PROJECT\product\audio_preprocessing\outputs\spectrograms_emodb\10b10Wa_orig.png,anger
C:\FYP\PROJECT\product\audio_preprocessing\outputs\spectrograms_emodb\11a01Aa_orig.png,fear
C:\FYP\PROJECT\product\audio_preprocessing\outputs\spectrograms_emodb\11a01Ab_orig.png,fear
C:\FYP\PROJECT\product\audio_preprocessing\outputs\spectrograms_emodb\11a01Ld_orig.png,boredom
C:\FYP\PROJECT\product\audio_preprocessing\outputs\spectrograms_emodb\11a01Nd_orig.png,neutral
C:\FYP\PROJECT\product\audio_preprocessing\outputs\spectrograms_emodb\11a01Wc_orig.png,anger
C:\FYP\PROJECT\product\audio_preprocessing\outputs\spectrograms_emodb\11a02Ec_orig.png,disgust
C:\FYP\PROJECT\product\audio_preprocessing\outputs\spectrograms_emodb\11a02Ld_orig.png,boredom
C:\FYP\PROJECT\product\audio_preprocessing\outputs\spectrograms_emodb\11a02Nc_orig.png,neutral
C:\FYP\PROJECT\product\audio_preprocessing\outputs\spectrograms_emodb\11a02Tc_orig.png,sadness
C:\FYP\PROJECT\product\audio_preprocessing\outputs\spectrograms_emodb\11a02Wc_orig.png,anger
C:\FYP\PROJECT\product\audio_preprocessing\outputs\spectrograms_emodb\11a04Ac_orig.png,fear
C:\FYP\PROJECT\product\audio_preprocessing\outputs\spectrograms_emodb\11a04Nd_orig.png,neutral
C:\FYP\PROJECT\product\audio_preprocessing\outputs\spectrograms_emodb\11a04Wc_orig.png,anger
C:\FYP\PROJECT\product\audio_preprocessing\outputs\spectrograms_emodb\11a05Fb_orig.png,happiness
C:\FYP\PROJECT\product\audio_preprocessing\outputs\spectrograms_emodb\11a05Lc_orig.png,boredom
C:\FYP\PROJECT\product\audio_preprocessing\outputs\spectrograms_emodb\11a05Na_orig.png,neutral
C:\FYP\PROJECT\product\audio_preprocessing\outputs\spectrograms_emodb\11a05Td_orig.png,sadness
C:\FYP\PROJECT\product\audio_preprocessing\outputs\spectrograms_emodb\11a07Ac_orig.png,fear
C:\FYP\PROJECT\product\audio_preprocessing\outputs\spectrograms_emodb\11a07Ld_orig.png,boredom
C:\FYP\PROJECT\product\audio_preprocessing\outputs\spectrograms_emodb\11a07Wc_orig.png,anger
C:\FYP\PROJECT\product\audio_preprocessing\outputs\spectrograms_emodb\11b01Ab_orig.png,fear
C:\FYP\PROJECT\product\audio_preprocessing\outputs\spectrograms_emodb\11b01Eb_orig.png,disgust
C:\FYP\PROJECT\product\audio_preprocessing\outputs\spectrograms_emodb\11b01Fc_orig.png,happiness
C:\FYP\PROJECT\product\audio_preprocessing\outputs\spectrograms_emodb\11b01Lb_orig.png,boredom
C:\FYP\PROJECT\product\audio_preprocessing\outputs\spectrograms_emodb\11b01Nc_orig.png,neutral
C:\FYP\PROJECT\product\audio_preprocessing\outputs\spectrograms_emodb\11b01Wd_orig.png,anger
C:\FYP\PROJECT\product\audio_preprocessing\outputs\spectrograms_emodb\11b02Fd_orig.png,happiness
C:\FYP\PROJECT\product\audio_preprocessing\outputs\spectrograms_emodb\11b02Na_orig.png,neutral
C:\FYP\PROJECT\product\audio_preprocessing\outputs\spectrograms_emodb\11b02Td_orig.png,sadness
C:\FYP\PROJECT\product\audio_preprocessing\outputs\spectrograms_emodb\11b02Wb_orig.png,anger
C:\FYP\PROJECT\product\audio_preprocessing\outputs\spectrograms_emodb\11b03Fc_orig.png,happiness
C:\FYP\PROJECT\product\audio_preprocessing\outputs\spectrograms_emodb\11b03Lc_orig.png,boredom
C:\FYP\PROJECT\product\audio_preprocessing\outputs\spectrograms_emodb\11b03Nb_orig.png,neutral
C:\FYP\PROJECT\product\audio_preprocessing\outputs\spectrograms_emodb\11b03Td_orig.png,sadness
C:\FYP\PROJECT\product\audio_preprocessing\outputs\spectrograms_emodb\11b03Wa_orig.png,anger
C:\FYP\PROJECT\product\audio_preprocessing\outputs\spectrograms_emodb\11b03Wb_orig.png,anger
C:\FYP\PROJECT\product\audio_preprocessing\outputs\spectrograms_emodb\11b09Ad_orig.png,fear
C:\FYP\PROJECT\product\audio_preprocessing\outputs\spectrograms_emodb\11b09Fd_orig.png,happiness
C:\FYP\PROJECT\product\audio_preprocessing\outputs\spectrograms_emodb\11b09Ld_orig.png,boredom
C:\FYP\PROJECT\product\audio_preprocessing\outputs\spectrograms_emodb\11b09Na_orig.png,neutral
C:\FYP\PROJECT\product\audio_preprocessing\outputs\spectrograms_emodb\11b09Td_orig.png,sadness
C:\FYP\PROJECT\product\audio_preprocessing\outputs\spectrograms_emodb\11b09Wa_orig.png,anger
C:\FYP\PROJECT\product\audio_preprocessing\outputs\spectrograms_emodb\11b10Ad_orig.png,fear
C:\FYP\PROJECT\product\audio_preprocessing\outputs\spectrograms_emodb\11b10Ae_orig.png,fear
C:\FYP\PROJECT\product\audio_preprocessing\outputs\spectrograms_emodb\11b10Nc_orig.png,neutral
C:\FYP\PROJECT\product\audio_preprocessing\outputs\spectrograms_emodb\12a01Lb_orig.png,boredom
C:\FYP\PROJECT\product\audio_preprocessing\outputs\spectrograms_emodb\12a01Nb_orig.png,neutral
C:\FYP\PROJECT\product\audio_preprocessing\outputs\spectrograms_emodb\12a02Ec_orig.png,disgust
C:\FYP\PROJECT\product\audio_preprocessing\outputs\spectrograms_emodb\12a02Nb_orig.png,neutral
C:\FYP\PROJECT\product\audio_preprocessing\outputs\spectrograms_emodb\12a02Wa_orig.png,anger
C:\FYP\PROJECT\product\audio_preprocessing\outputs\spectrograms_emodb\12a02Wc_orig.png,anger
C:\FYP\PROJECT\product\audio_preprocessing\outputs\spectrograms_emodb\12a05Nd_orig.png,neutral
C:\FYP\PROJECT\product\audio_preprocessing\outputs\spectrograms_emodb\12a05Ta_orig.png,sadness
C:\FYP\PROJECT\product\audio_preprocessing\outputs\spectrograms_emodb\12a05Wb_orig.png,anger
C:\FYP\PROJECT\product\audio_preprocessing\outputs\spectrograms_emodb\12a07Ac_orig.png,fear
C:\FYP\PROJECT\product\audio_preprocessing\outputs\spectrograms_emodb\12a07La_orig.png,boredom
C:\FYP\PROJECT\product\audio_preprocessing\outputs\spectrograms_emodb\12a07Wa_orig.png,anger
C:\FYP\PROJECT\product\audio_preprocessing\outputs\spectrograms_emodb\12b01Ta_orig.png,sadness
C:\FYP\PROJECT\product\audio_preprocessing\outputs\spectrograms_emodb\12b01Wa_orig.png,anger
C:\FYP\PROJECT\product\audio_preprocessing\outputs\spectrograms_emodb\12b02Ad_orig.png,fear
C:\FYP\PROJECT\product\audio_preprocessing\outputs\spectrograms_emodb\12b02Ea_orig.png,disgust
C:\FYP\PROJECT\product\audio_preprocessing\outputs\spectrograms_emodb\12b02Fb_orig.png,happiness
C:\FYP\PROJECT\product\audio_preprocessing\outputs\spectrograms_emodb\12b02Na_orig.png,neutral
C:\FYP\PROJECT\product\audio_preprocessing\outputs\spectrograms_emodb\12b02Wa_orig.png,anger
C:\FYP\PROJECT\product\audio_preprocessing\outputs\spectrograms_emodb\12b02Wb_orig.png,anger
C:\FYP\PROJECT\product\audio_preprocessing\outputs\spectrograms_emodb\12b02Wd_orig.png,anger
C:\FYP\PROJECT\product\audio_preprocessing\outputs\spectrograms_emodb\12b03La_orig.png,boredom
C:\FYP\PROJECT\product\audio_preprocessing\outputs\spectrograms_emodb\12b03Ta_orig.png,sadness
C:\FYP\PROJECT\product\audio_preprocessing\outputs\spectrograms_emodb\12b09Ac_orig.png,fear
C:\FYP\PROJECT\product\audio_preprocessing\outputs\spectrograms_emodb\12b09Td_orig.png,sadness
C:\FYP\PROJECT\product\audio_preprocessing\outputs\spectrograms_emodb\12b09Wc_orig.png,anger
C:\FYP\PROJECT\product\audio_preprocessing\outputs\spectrograms_emodb\12b10Ld_orig.png,boredom
C:\FYP\PROJECT\product\audio_preprocessing\outputs\spectrograms_emodb\13a01Ac_orig.png,fear
C:\FYP\PROJECT\product\audio_preprocessing\outputs\spectrograms_emodb\13a01Ea_orig.png,disgust
C:\FYP\PROJECT\product\audio_preprocessing\outputs\spectrograms_emodb\13a01Ec_orig.png,disgust
C:\FYP\PROJECT\product\audio_preprocessing\outputs\spectrograms_emodb\13a01Fd_orig.png,happiness
C:\FYP\PROJECT\product\audio_preprocessing\outputs\spectrograms_emodb\13a01Lb_orig.png,boredom
C:\FYP\PROJECT\product\audio_preprocessing\outputs\spectrograms_emodb\13a01Nb_orig.png,neutral
C:\FYP\PROJECT\product\audio_preprocessing\outputs\spectrograms_emodb\13a01Wb_orig.png,anger
C:\FYP\PROJECT\product\audio_preprocessing\outputs\spectrograms_emodb\13a02Ad_orig.png,fear
C:\FYP\PROJECT\product\audio_preprocessing\outputs\spectrograms_emodb\13a02Ec_orig.png,disgust
C:\FYP\PROJECT\product\audio_preprocessing\outputs\spectrograms_emodb\13a02Fa_orig.png,happiness
C:\FYP\PROJECT\product\audio_preprocessing\outputs\spectrograms_emodb\13a02Ta_orig.png,sadness
C:\FYP\PROJECT\product\audio_preprocessing\outputs\spectrograms_emodb\13a02Wa_orig.png,anger
C:\FYP\PROJECT\product\audio_preprocessing\outputs\spectrograms_emodb\13a04Ac_orig.png,fear
C:\FYP\PROJECT\product\audio_preprocessing\outputs\spectrograms_emodb\13a04Fc_orig.png,happiness
C:\FYP\PROJECT\product\audio_preprocessing\outputs\spectrograms_emodb\13a04Lb_orig.png,boredom
C:\FYP\PROJECT\product\audio_preprocessing\outputs\spectrograms_emodb\13a05Aa_orig.png,fear
C:\FYP\PROJECT\product\audio_preprocessing\outputs\spectrograms_emodb\13a05Ea_orig.png,disgust
C:\FYP\PROJECT\product\audio_preprocessing\outputs\spectrograms_emodb\13a05Nb_orig.png,neutral
C:\FYP\PROJECT\product\audio_preprocessing\outputs\spectrograms_emodb\13a05Tc_orig.png,sadness
C:\FYP\PROJECT\product\audio_preprocessing\outputs\spectrograms_emodb\13a05Wa_orig.png,anger
C:\FYP\PROJECT\product\audio_preprocessing\outputs\spectrograms_emodb\13a05Wc_orig.png,anger
C:\FYP\PROJECT\product\audio_preprocessing\outputs\spectrograms_emodb\13a07Fd_orig.png,happiness
C:\FYP\PROJECT\product\audio_preprocessing\outputs\spectrograms_emodb\13a07Lb_orig.png,boredom
C:\FYP\PROJECT\product\audio_preprocessing\outputs\spectrograms_emodb\13a07Tc_orig.png,sadness
C:\FYP\PROJECT\product\audio_preprocessing\outputs\spectrograms_emodb\13a07Wb_orig.png,anger
C:\FYP\PROJECT\product\audio_preprocessing\outputs\spectrograms_emodb\13b01Ab_orig.png,fear
C:\FYP\PROJECT\product\audio_preprocessing\outputs\spectrograms_emodb\13b01Fc_orig.png,happiness
C:\FYP\PROJECT\product\audio_preprocessing\outputs\spectrograms_emodb\13b01Ld_orig.png,boredom
C:\FYP\PROJECT\product\audio_preprocessing\outputs\spectrograms_emodb\13b01Wa_orig.png,anger
C:\FYP\PROJECT\product\audio_preprocessing\outputs\spectrograms_emodb\13b02Fb_orig.png,happiness
C:\FYP\PROJECT\product\audio_preprocessing\outputs\spectrograms_emodb\13b02Nb_orig.png,neutral
C:\FYP\PROJECT\product\audio_preprocessing\outputs\spectrograms_emodb\13b02Wa_orig.png,anger
C:\FYP\PROJECT\product\audio_preprocessing\outputs\spectrograms_emodb\13b03Ac_orig.png,fear
C:\FYP\PROJECT\product\audio_preprocessing\outputs\spectrograms_emodb\13b03Ed_orig.png,disgust
C:\FYP\PROJECT\product\audio_preprocessing\outputs\spectrograms_emodb\13b03Fd_orig.png,happiness
C:\FYP\PROJECT\product\audio_preprocessing\outputs\spectrograms_emodb\13b03Lb_orig.png,boredom
C:\FYP\PROJECT\product\audio_preprocessing\outputs\spectrograms_emodb\13b03Na_orig.png,neutral
C:\FYP\PROJECT\product\audio_preprocessing\outputs\spectrograms_emodb\13b03Wc_orig.png,anger
C:\FYP\PROJECT\product\audio_preprocessing\outputs\spectrograms_emodb\13b09Ec_orig.png,disgust
C:\FYP\PROJECT\product\audio_preprocessing\outputs\spectrograms_emodb\13b09Fc_orig.png,happiness
C:\FYP\PROJECT\product\audio_preprocessing\outputs\spectrograms_emodb\13b09La_orig.png,boredom
C:\FYP\PROJECT\product\audio_preprocessing\outputs\spectrograms_emodb\13b09Na_orig.png,neutral
C:\FYP\PROJECT\product\audio_preprocessing\outputs\spectrograms_emodb\13b09Wa_orig.png,anger
C:\FYP\PROJECT\product\audio_preprocessing\outputs\spectrograms_emodb\13b10Ec_orig.png,disgust
C:\FYP\PROJECT\product\audio_preprocessing\outputs\spectrograms_emodb\13b10Fa_orig.png,happiness
C:\FYP\PROJECT\product\audio_preprocessing\outputs\spectrograms_emodb\13b10La_orig.png,boredom
C:\FYP\PROJECT\product\audio_preprocessing\outputs\spectrograms_emodb\13b10Nc_orig.png,neutral
C:\FYP\PROJECT\product\audio_preprocessing\outputs\spectrograms_emodb\13b10Wc_orig.png,anger
C:\FYP\PROJECT\product\audio_preprocessing\outputs\spectrograms_emodb\14a01Aa_orig.png,fear
C:\FYP\PROJECT\product\audio_preprocessing\outputs\spectrograms_emodb\14a01Ac_orig.png,fear
C:\FYP\PROJECT\product\audio_preprocessing\outputs\spectrograms_emodb\14a01Na_orig.png,neutral
C:\FYP\PROJECT\product\audio_preprocessing\outputs\spectrograms_emodb\14a01Wa_orig.png,anger
C:\FYP\PROJECT\product\audio_preprocessing\outputs\spectrograms_emodb\14a01Wc_orig.png,anger
C:\FYP\PROJECT\product\audio_preprocessing\outputs\spectrograms_emodb\14a02Ab_orig.png,fear
C:\FYP\PROJECT\product\audio_preprocessing\outputs\spectrograms_emodb\14a02Ea_orig.png,disgust
C:\FYP\PROJECT\product\audio_preprocessing\outputs\spectrograms_emodb\14a02Fd_orig.png,happiness
C:\FYP\PROJECT\product\audio_preprocessing\outputs\spectrograms_emodb\14a02Tb_orig.png,sadness
C:\FYP\PROJECT\product\audio_preprocessing\outputs\spectrograms_emodb\14a04Aa_orig.png,fear
C:\FYP\PROJECT\product\audio_preprocessing\outputs\spectrograms_emodb\14a04Ed_orig.png,disgust
C:\FYP\PROJECT\product\audio_preprocessing\outputs\spectrograms_emodb\14a04Lb_orig.png,boredom
C:\FYP\PROJECT\product\audio_preprocessing\outputs\spectrograms_emodb\14a04Tb_orig.png,sadness
C:\FYP\PROJECT\product\audio_preprocessing\outputs\spectrograms_emodb\14a04Tc_orig.png,sadness
C:\FYP\PROJECT\product\audio_preprocessing\outputs\spectrograms_emodb\14a04Wb_orig.png,anger
C:\FYP\PROJECT\product\audio_preprocessing\outputs\spectrograms_emodb\14a04Wc_orig.png,anger
C:\FYP\PROJECT\product\audio_preprocessing\outputs\spectrograms_emodb\14a05Aa_orig.png,fear
C:\FYP\PROJECT\product\audio_preprocessing\outputs\spectrograms_emodb\14a05Lb_orig.png,boredom
C:\FYP\PROJECT\product\audio_preprocessing\outputs\spectrograms_emodb\14a05Na_orig.png,neutral
C:\FYP\PROJECT\product\audio_preprocessing\outputs\spectrograms_emodb\14a05Ta_orig.png,sadness
C:\FYP\PROJECT\product\audio_preprocessing\outputs\spectrograms_emodb\14a05Tc_orig.png,sadness
C:\FYP\PROJECT\product\audio_preprocessing\outputs\spectrograms_emodb\14a05Wa_orig.png,anger
C:\FYP\PROJECT\product\audio_preprocessing\outputs\spectrograms_emodb\14a05Wb_orig.png,anger
C:\FYP\PROJECT\product\audio_preprocessing\outputs\spectrograms_emodb\14a07Aa_orig.png,fear
C:\FYP\PROJECT\product\audio_preprocessing\outputs\spectrograms_emodb\14a07Fd_orig.png,happiness
C:\FYP\PROJECT\product\audio_preprocessing\outputs\spectrograms_emodb\14a07Lc_orig.png,boredom
C:\FYP\PROJECT\product\audio_preprocessing\outputs\spectrograms_emodb\14a07Ld_orig.png,boredom
C:\FYP\PROJECT\product\audio_preprocessing\outputs\spectrograms_emodb\14a07Na_orig.png,neutral
C:\FYP\PROJECT\product\audio_preprocessing\outputs\spectrograms_emodb\14a07Tc_orig.png,sadness
C:\FYP\PROJECT\product\audio_preprocessing\outputs\spectrograms_emodb\14a07Wc_orig.png,anger
C:\FYP\PROJECT\product\audio_preprocessing\outputs\spectrograms_emodb\14b01Eb_orig.png,disgust
C:\FYP\PROJECT\product\audio_preprocessing\outputs\spectrograms_emodb\14b01Fa_orig.png,happiness
C:\FYP\PROJECT\product\audio_preprocessing\outputs\spectrograms_emodb\14b01Fc_orig.png,happiness
C:\FYP\PROJECT\product\audio_preprocessing\outputs\spectrograms_emodb\14b01Na_orig.png,neutral
C:\FYP\PROJECT\product\audio_preprocessing\outputs\spectrograms_emodb\14b01Wc_orig.png,anger
C:\FYP\PROJECT\product\audio_preprocessing\outputs\spectrograms_emodb\14b02Aa_orig.png,fear
C:\FYP\PROJECT\product\audio_preprocessing\outputs\spectrograms_emodb\14b02Fb_orig.png,happiness
C:\FYP\PROJECT\product\audio_preprocessing\outputs\spectrograms_emodb\14b02Wb_orig.png,anger
C:\FYP\PROJECT\product\audio_preprocessing\outputs\spectrograms_emodb\14b02Wd_orig.png,anger
C:\FYP\PROJECT\product\audio_preprocessing\outputs\spectrograms_emodb\14b03Ed_orig.png,disgust
C:\FYP\PROJECT\product\audio_preprocessing\outputs\spectrograms_emodb\14b03Lb_orig.png,boredom
C:\FYP\PROJECT\product\audio_preprocessing\outputs\spectrograms_emodb\14b03Ta_orig.png,sadness
C:\FYP\PROJECT\product\audio_preprocessing\outputs\spectrograms_emodb\14b03Wb_orig.png,anger
C:\FYP\PROJECT\product\audio_preprocessing\outputs\spectrograms_emodb\14b09Ac_orig.png,fear
C:\FYP\PROJECT\product\audio_preprocessing\outputs\spectrograms_emodb\14b09Ea_orig.png,disgust
C:\FYP\PROJECT\product\audio_preprocessing\outputs\spectrograms_emodb\14b09Fc_orig.png,happiness
C:\FYP\PROJECT\product\audio_preprocessing\outputs\spectrograms_emodb\14b09Lb_orig.png,boredom
C:\FYP\PROJECT\product\audio_preprocessing\outputs\spectrograms_emodb\14b09Wa_orig.png,anger
C:\FYP\PROJECT\product\audio_preprocessing\outputs\spectrograms_emodb\14b09Wc_orig.png,anger
C:\FYP\PROJECT\product\audio_preprocessing\outputs\spectrograms_emodb\14b10Ad_orig.png,fear
C:\FYP\PROJECT\product\audio_preprocessing\outputs\spectrograms_emodb\14b10Eb_orig.png,disgust
C:\FYP\PROJECT\product\audio_preprocessing\outputs\spectrograms_emodb\14b10Lb_orig.png,boredom
C:\FYP\PROJECT\product\audio_preprocessing\outputs\spectrograms_emodb\14b10Tc_orig.png,sadness
C:\FYP\PROJECT\product\audio_preprocessing\outputs\spectrograms_emodb\15a01Ea_orig.png,disgust
C:\FYP\PROJECT\product\audio_preprocessing\outputs\spectrograms_emodb\15a01Fb_orig.png,happiness
C:\FYP\PROJECT\product\audio_preprocessing\outputs\spectrograms_emodb\15a01La_orig.png,boredom
C:\FYP\PROJECT\product\audio_preprocessing\outputs\spectrograms_emodb\15a01Nb_orig.png,neutral
C:\FYP\PROJECT\product\audio_preprocessing\outputs\spectrograms_emodb\15a01Wa_orig.png,anger
C:\FYP\PROJECT\product\audio_preprocessing\outputs\spectrograms_emodb\15a02Ac_orig.png,fear
C:\FYP\PROJECT\product\audio_preprocessing\outputs\spectrograms_emodb\15a02La_orig.png,boredom
C:\FYP\PROJECT\product\audio_preprocessing\outputs\spectrograms_emodb\15a02Na_orig.png,neutral
C:\FYP\PROJECT\product\audio_preprocessing\outputs\spectrograms_emodb\15a02Ta_orig.png,sadness
C:\FYP\PROJECT\product\audio_preprocessing\outputs\spectrograms_emodb\15a02Wb_orig.png,anger
C:\FYP\PROJECT\product\audio_preprocessing\outputs\spectrograms_emodb\15a04Ab_orig.png,fear
C:\FYP\PROJECT\product\audio_preprocessing\outputs\spectrograms_emodb\15a04Fd_orig.png,happiness
C:\FYP\PROJECT\product\audio_preprocessing\outputs\spectrograms_emodb\15a04Wb_orig.png,anger
C:\FYP\PROJECT\product\audio_preprocessing\outputs\spectrograms_emodb\15a05Fb_orig.png,happiness
C:\FYP\PROJECT\product\audio_preprocessing\outputs\spectrograms_emodb\15a05Lb_orig.png,boredom
C:\FYP\PROJECT\product\audio_preprocessing\outputs\spectrograms_emodb\15a05Wa_orig.png,anger
C:\FYP\PROJECT\product\audio_preprocessing\outputs\spectrograms_emodb\15a07Ac_orig.png,fear
C:\FYP\PROJECT\product\audio_preprocessing\outputs\spectrograms_emodb\15a07Eb_orig.png,disgust
C:\FYP\PROJECT\product\audio_preprocessing\outputs\spectrograms_emodb\15a07Fa_orig.png,happiness
C:\FYP\PROJECT\product\audio_preprocessing\outputs\spectrograms_emodb\15a07Fb_orig.png,happiness
C:\FYP\PROJECT\product\audio_preprocessing\outputs\spectrograms_emodb\15a07Nc_orig.png,neutral
C:\FYP\PROJECT\product\audio_preprocessing\outputs\spectrograms_emodb\15b01Ec_orig.png,disgust
C:\FYP\PROJECT\product\audio_preprocessing\outputs\spectrograms_emodb\15b01Na_orig.png,neutral
C:\FYP\PROJECT\product\audio_preprocessing\outputs\spectrograms_emodb\15b02Aa_orig.png,fear
C:\FYP\PROJECT\product\audio_preprocessing\outputs\spectrograms_emodb\15b02Lb_orig.png,boredom
C:\FYP\PROJECT\product\audio_preprocessing\outputs\spectrograms_emodb\15b02Nd_orig.png,neutral
C:\FYP\PROJECT\product\audio_preprocessing\outputs\spectrograms_emodb\15b02Tc_orig.png,sadness
C:\FYP\PROJECT\product\audio_preprocessing\outputs\spectrograms_emodb\15b02Wc_orig.png,anger
C:\FYP\PROJECT\product\audio_preprocessing\outputs\spectrograms_emodb\15b03Aa_orig.png,fear
C:\FYP\PROJECT\product\audio_preprocessing\outputs\spectrograms_emodb\15b03Wb_orig.png,anger
C:\FYP\PROJECT\product\audio_preprocessing\outputs\spectrograms_emodb\15b09Ac_orig.png,fear
C:\FYP\PROJECT\product\audio_preprocessing\outputs\spectrograms_emodb\15b09Fa_orig.png,happiness
C:\FYP\PROJECT\product\audio_preprocessing\outputs\spectrograms_emodb\15b09La_orig.png,boredom
C:\FYP\PROJECT\product\audio_preprocessing\outputs\spectrograms_emodb\15b09Nb_orig.png,neutral
C:\FYP\PROJECT\product\audio_preprocessing\outputs\spectrograms_emodb\15b09Ta_orig.png,sadness
C:\FYP\PROJECT\product\audio_preprocessing\outputs\spectrograms_emodb\15b09Wb_orig.png,anger
C:\FYP\PROJECT\product\audio_preprocessing\outputs\spectrograms_emodb\15b10Ac_orig.png,fear
C:\FYP\PROJECT\product\audio_preprocessing\outputs\spectrograms_emodb\15b10Lc_orig.png,boredom
C:\FYP\PROJECT\product\audio_preprocessing\outputs\spectrograms_emodb\15b10Nb_orig.png,neutral
C:\FYP\PROJECT\product\audio_preprocessing\outputs\spectrograms_emodb\15b10Wa_orig.png,anger
C:\FYP\PROJECT\product\audio_preprocessing\outputs\spectrograms_emodb\16a01Ec_orig.png,disgust
C:\FYP\PROJECT\product\audio_preprocessing\outputs\spectrograms_emodb\16a01Lb_orig.png,boredom
C:\FYP\PROJECT\product\audio_preprocessing\outputs\spectrograms_emodb\16a01Nc_orig.png,neutral
C:\FYP\PROJECT\product\audio_preprocessing\outputs\spectrograms_emodb\16a01Tb_orig.png,sadness
C:\FYP\PROJECT\product\audio_preprocessing\outputs\spectrograms_emodb\16a01Wb_orig.png,anger
C:\FYP\PROJECT\product\audio_preprocessing\outputs\spectrograms_emodb\16a02Ec_orig.png,disgust
C:\FYP\PROJECT\product\audio_preprocessing\outputs\spectrograms_emodb\16a02Lb_orig.png,boredom
C:\FYP\PROJECT\product\audio_preprocessing\outputs\spectrograms_emodb\16a02Tc_orig.png,sadness
C:\FYP\PROJECT\product\audio_preprocessing\outputs\spectrograms_emodb\16a02Wb_orig.png,anger
C:\FYP\PROJECT\product\audio_preprocessing\outputs\spectrograms_emodb\16a04Ab_orig.png,fear
C:\FYP\PROJECT\product\audio_preprocessing\outputs\spectrograms_emodb\16a04Ea_orig.png,disgust
C:\FYP\PROJECT\product\audio_preprocessing\outputs\spectrograms_emodb\16a04Fa_orig.png,happiness
C:\FYP\PROJECT\product\audio_preprocessing\outputs\spectrograms_emodb\16a04La_orig.png,boredom
C:\FYP\PROJECT\product\audio_preprocessing\outputs\spectrograms_emodb\16a04Lc_orig.png,boredom
C:\FYP\PROJECT\product\audio_preprocessing\outputs\spectrograms_emodb\16a04Nc_orig.png,neutral
C:\FYP\PROJECT\product\audio_preprocessing\outputs\spectrograms_emodb\16a04Wb_orig.png,anger
C:\FYP\PROJECT\product\audio_preprocessing\outputs\spectrograms_emodb\16a05Ab_orig.png,fear
C:\FYP\PROJECT\product\audio_preprocessing\outputs\spectrograms_emodb\16a05Ea_orig.png,disgust
C:\FYP\PROJECT\product\audio_preprocessing\outputs\spectrograms_emodb\16a05Fc_orig.png,happiness
C:\FYP\PROJECT\product\audio_preprocessing\outputs\spectrograms_emodb\16a05La_orig.png,boredom
C:\FYP\PROJECT\product\audio_preprocessing\outputs\spectrograms_emodb\16a05Tb_orig.png,sadness
C:\FYP\PROJECT\product\audio_preprocessing\outputs\spectrograms_emodb\16a05Wb_orig.png,anger
C:\FYP\PROJECT\product\audio_preprocessing\outputs\spectrograms_emodb\16a07Ea_orig.png,disgust
C:\FYP\PROJECT\product\audio_preprocessing\outputs\spectrograms_emodb\16a07Fb_orig.png,happiness
C:\FYP\PROJECT\product\audio_preprocessing\outputs\spectrograms_emodb\16a07La_orig.png,boredom
C:\FYP\PROJECT\product\audio_preprocessing\outputs\spectrograms_emodb\16a07Lb_orig.png,boredom
C:\FYP\PROJECT\product\audio_preprocessing\outputs\spectrograms_emodb\16a07Nb_orig.png,neutral
C:\FYP\PROJECT\product\audio_preprocessing\outputs\spectrograms_emodb\16a07Td_orig.png,sadness
C:\FYP\PROJECT\product\audio_preprocessing\outputs\spectrograms_emodb\16a07Wa_orig.png,anger
C:\FYP\PROJECT\product\audio_preprocessing\outputs\spectrograms_emodb\16b01Aa_orig.png,fear
C:\FYP\PROJECT\product\audio_preprocessing\outputs\spectrograms_emodb\16b01Eb_orig.png,disgust
C:\FYP\PROJECT\product\audio_preprocessing\outputs\spectrograms_emodb\16b01Fa_orig.png,happiness
C:\FYP\PROJECT\product\audio_preprocessing\outputs\spectrograms_emodb\16b01La_orig.png,boredom
C:\FYP\PROJECT\product\audio_preprocessing\outputs\spectrograms_emodb\16b01Lc_orig.png,boredom
C:\FYP\PROJECT\product\audio_preprocessing\outputs\spectrograms_emodb\16b01Tb_orig.png,sadness
C:\FYP\PROJECT\product\audio_preprocessing\outputs\spectrograms_emodb\16b01Wa_orig.png,anger
C:\FYP\PROJECT\product\audio_preprocessing\outputs\spectrograms_emodb\16b02Aa_orig.png,fear
C:\FYP\PROJECT\product\audio_preprocessing\outputs\spectrograms_emodb\16b02Eb_orig.png,disgust
C:\FYP\PROJECT\product\audio_preprocessing\outputs\spectrograms_emodb\16b02Fd_orig.png,happiness
C:\FYP\PROJECT\product\audio_preprocessing\outputs\spectrograms_emodb\16b02Lb_orig.png,boredom
C:\FYP\PROJECT\product\audio_preprocessing\outputs\spectrograms_emodb\16b02Wb_orig.png,anger
C:\FYP\PROJECT\product\audio_preprocessing\outputs\spectrograms_emodb\16b03Ad_orig.png,fear
C:\FYP\PROJECT\product\audio_preprocessing\outputs\spectrograms_emodb\16b03Fa_orig.png,happiness
C:\FYP\PROJECT\product\audio_preprocessing\outputs\spectrograms_emodb\16b03Fd_orig.png,happiness
C:\FYP\PROJECT\product\audio_preprocessing\outputs\spectrograms_emodb\16b03La_orig.png,boredom
C:\FYP\PROJECT\product\audio_preprocessing\outputs\spectrograms_emodb\16b03Nb_orig.png,neutral
C:\FYP\PROJECT\product\audio_preprocessing\outputs\spectrograms_emodb\16b03Ta_orig.png,sadness
C:\FYP\PROJECT\product\audio_preprocessing\outputs\spectrograms_emodb\16b09Ab_orig.png,fear
C:\FYP\PROJECT\product\audio_preprocessing\outputs\spectrograms_emodb\16b09Eb_orig.png,disgust
C:\FYP\PROJECT\product\audio_preprocessing\outputs\spectrograms_emodb\16b09Fb_orig.png,happiness
C:\FYP\PROJECT\product\audio_preprocessing\outputs\spectrograms_emodb\16b09La_orig.png,boredom
C:\FYP\PROJECT\product\audio_preprocessing\outputs\spectrograms_emodb\16b09Lb_orig.png,boredom
C:\FYP\PROJECT\product\audio_preprocessing\outputs\spectrograms_emodb\16b09Wb_orig.png,anger
C:\FYP\PROJECT\product\audio_preprocessing\outputs\spectrograms_emodb\16b10Aa_orig.png,fear
C:\FYP\PROJECT\product\audio_preprocessing\outputs\spectrograms_emodb\16b10Eb_orig.png,disgust
C:\FYP\PROJECT\product\audio_preprocessing\outputs\spectrograms_emodb\16b10Lb_orig.png,boredom
C:\FYP\PROJECT\product\audio_preprocessing\outputs\spectrograms_emodb\16b10Tb_orig.png,sadness
C:\FYP\PROJECT\product\audio_preprocessing\outputs\spectrograms_emodb\16b10Td_orig.png,sadness
C:\FYP\PROJECT\product\audio_preprocessing\outputs\spectrograms_emodb\16b10Wa_orig.png,anger
C:\FYP\PROJECT\product\audio_preprocessing\outputs\spectrograms_emodb\16b10Wb_orig.png,anger
